-- MySQL Script generated by MySQL Workbench
-- 10/16/14 14:44:22
-- Model: New Model    Version: 1.0
SET @OLD_UNIQUE_CHECKS=@@UNIQUE_CHECKS, UNIQUE_CHECKS=0;
SET @OLD_FOREIGN_KEY_CHECKS=@@FOREIGN_KEY_CHECKS, FOREIGN_KEY_CHECKS=0;
SET @OLD_SQL_MODE=@@SQL_MODE, SQL_MODE='TRADITIONAL,ALLOW_INVALID_DATES';

-- -----------------------------------------------------
-- Schema TSG
-- -----------------------------------------------------

-- -----------------------------------------------------
-- Table `sgu_marca`
-- -----------------------------------------------------
DROP TABLE IF EXISTS `sgu_marca` ;

CREATE TABLE IF NOT EXISTS `sgu_marca` (
  `id` INT NOT NULL AUTO_INCREMENT,
  `marca` VARCHAR(45) NOT NULL,
  PRIMARY KEY (`id`))
ENGINE = InnoDB;


-- -----------------------------------------------------
-- Table `sgu_modelo`
-- -----------------------------------------------------
DROP TABLE IF EXISTS `sgu_modelo` ;

CREATE TABLE IF NOT EXISTS `sgu_modelo` (
  `id` INT NOT NULL AUTO_INCREMENT,
  `modelo` VARCHAR(45) NOT NULL,
  `idmarca` INT NOT NULL,
  PRIMARY KEY (`id`),
  INDEX `fk_SGU_modelo_SGU_marca1_idx` (`idmarca` ASC),
  CONSTRAINT `fk_SGU_modelo_SGU_marca1`
    FOREIGN KEY (`idmarca`)
    REFERENCES `sgu_marca` (`id`)
    ON DELETE NO ACTION
    ON UPDATE NO ACTION)
ENGINE = InnoDB;


-- -----------------------------------------------------
-- Table `sgu_tipo`
-- -----------------------------------------------------
DROP TABLE IF EXISTS `sgu_tipo` ;

CREATE TABLE IF NOT EXISTS `sgu_tipo` (
  `id` INT NOT NULL AUTO_INCREMENT,
  `tipo` VARCHAR(80) NOT NULL,
  PRIMARY KEY (`id`))
ENGINE = InnoDB;


-- -----------------------------------------------------
-- Table `sgu_grupo`
-- -----------------------------------------------------
DROP TABLE IF EXISTS `sgu_grupo` ;

CREATE TABLE IF NOT EXISTS `sgu_grupo` (
  `id` INT NOT NULL AUTO_INCREMENT,
  `grupo` VARCHAR(45) NOT NULL,
  `descripcion` VARCHAR(45) NULL,
  `idtipo` INT NOT NULL,
  PRIMARY KEY (`id`),
  INDEX `fk_SGU_grupo_SGU_tipo1_idx` (`idtipo` ASC),
  CONSTRAINT `fk_SGU_grupo_SGU_tipo1`
    FOREIGN KEY (`idtipo`)
    REFERENCES `sgu_tipo` (`id`)
    ON DELETE NO ACTION
    ON UPDATE NO ACTION)
ENGINE = InnoDB;


-- -----------------------------------------------------
-- Table `sgu_combustible`
-- -----------------------------------------------------
DROP TABLE IF EXISTS `sgu_combustible` ;

CREATE TABLE IF NOT EXISTS `sgu_combustible` (
  `id` INT NOT NULL,
  `combustible` VARCHAR(45) NOT NULL,
  PRIMARY KEY (`id`))
ENGINE = InnoDB;


-- -----------------------------------------------------
-- Table `sgu_color`
-- -----------------------------------------------------
DROP TABLE IF EXISTS `sgu_color` ;

CREATE TABLE IF NOT EXISTS `sgu_color` (
  `id` INT NOT NULL AUTO_INCREMENT,
  `color` VARCHAR(60) NOT NULL,
  PRIMARY KEY (`id`))
ENGINE = InnoDB;


-- -----------------------------------------------------
-- Table `sgu_propiedad`
-- -----------------------------------------------------
DROP TABLE IF EXISTS `sgu_propiedad` ;

CREATE TABLE IF NOT EXISTS `sgu_propiedad` (
  `id` INT NOT NULL AUTO_INCREMENT,
  `propiedad` VARCHAR(60) NOT NULL,
  PRIMARY KEY (`id`))
ENGINE = InnoDB;


-- -----------------------------------------------------
-- Table `sgu_vehiculo`
-- -----------------------------------------------------
DROP TABLE IF EXISTS `sgu_vehiculo` ;

CREATE TABLE IF NOT EXISTS `sgu_vehiculo` (
  `id` INT NOT NULL AUTO_INCREMENT,
  `numeroUnidad` INT NOT NULL,
  `serialCarroceria` VARCHAR(45) NOT NULL,
  `serialMotor` VARCHAR(45) NOT NULL,
  `placa` VARCHAR(7) NOT NULL,
  `anno` INT NOT NULL,
  `nroPuestos` INT NULL,
  `nroEjes` INT NULL,
  `capCarga` INT NULL,
  `comentario` VARCHAR(200) NULL,
  `cantidadRuedas` INT NOT NULL,
  `capTanque` INT NOT NULL,
  `idmodelo` INT NOT NULL,
  `idgrupo` INT NOT NULL,
  `idcombustible` INT NOT NULL,
  `idcolor` INT NOT NULL,
  `idpropiedad` INT NOT NULL,
  `fechaRegistro` TIMESTAMP NULL,
  PRIMARY KEY (`id`),
  INDEX `fk_SGU_vehiculo_SGU_modelo1_idx` (`idmodelo` ASC),
  UNIQUE INDEX `numeroUnidad_UNIQUE` (`numeroUnidad` ASC),
  INDEX `fk_SGU_vehiculo_SGU_grupo1_idx` (`idgrupo` ASC),
  INDEX `fk_SGU_vehiculo_SGU_combustible1_idx` (`idcombustible` ASC),
  INDEX `fk_SGU_vehiculo_SGU_color1_idx` (`idcolor` ASC),
  INDEX `fk_SGU_vehiculo_sgu_propiedad1_idx` (`idpropiedad` ASC),
  UNIQUE INDEX `serialCarroceria_UNIQUE` (`serialCarroceria` ASC),
  UNIQUE INDEX `serialChasis_UNIQUE` (`serialMotor` ASC),
  UNIQUE INDEX `placa_UNIQUE` (`placa` ASC),
  CONSTRAINT `fk_SGU_vehiculo_SGU_modelo1`
    FOREIGN KEY (`idmodelo`)
    REFERENCES `sgu_modelo` (`id`)
    ON DELETE CASCADE
    ON UPDATE CASCADE,
  CONSTRAINT `fk_SGU_vehiculo_SGU_grupo1`
    FOREIGN KEY (`idgrupo`)
    REFERENCES `sgu_grupo` (`id`)
    ON DELETE CASCADE
    ON UPDATE CASCADE,
  CONSTRAINT `fk_SGU_vehiculo_SGU_combustible1`
    FOREIGN KEY (`idcombustible`)
    REFERENCES `sgu_combustible` (`id`)
    ON DELETE CASCADE
    ON UPDATE CASCADE,
  CONSTRAINT `fk_SGU_vehiculo_SGU_color1`
    FOREIGN KEY (`idcolor`)
    REFERENCES `sgu_color` (`id`)
    ON DELETE NO ACTION
    ON UPDATE NO ACTION,
  CONSTRAINT `fk_SGU_vehiculo_sgu_propiedad1`
    FOREIGN KEY (`idpropiedad`)
    REFERENCES `sgu_propiedad` (`id`)
    ON DELETE NO ACTION
    ON UPDATE NO ACTION)
ENGINE = InnoDB;


-- -----------------------------------------------------
-- Table `sgu_foto`
-- -----------------------------------------------------
DROP TABLE IF EXISTS `sgu_foto` ;

CREATE TABLE IF NOT EXISTS `sgu_foto` (
  `id` INT NOT NULL AUTO_INCREMENT,
  `imagen` MEDIUMTEXT NOT NULL,
  `idvehiculo` INT NOT NULL,
  PRIMARY KEY (`id`),
  INDEX `fk_SGU_foto_SGU_vehiculo1_idx` (`idvehiculo` ASC),
  CONSTRAINT `fk_SGU_foto_SGU_vehiculo1`
    FOREIGN KEY (`idvehiculo`)
    REFERENCES `sgu_vehiculo` (`id`)
    ON DELETE CASCADE
    ON UPDATE CASCADE)
ENGINE = InnoDB;


-- -----------------------------------------------------
-- Table `sgu_TipoRepuesto`
-- -----------------------------------------------------
DROP TABLE IF EXISTS `sgu_TipoRepuesto` ;

CREATE TABLE IF NOT EXISTS `sgu_TipoRepuesto` (
  `id` INT NOT NULL AUTO_INCREMENT,
  `tipo` VARCHAR(50) NOT NULL,
  PRIMARY KEY (`id`))
ENGINE = InnoDB;


-- -----------------------------------------------------
-- Table `sgu_subTipoRepuesto`
-- -----------------------------------------------------
DROP TABLE IF EXISTS `sgu_subTipoRepuesto` ;

CREATE TABLE IF NOT EXISTS `sgu_subTipoRepuesto` (
  `id` INT NOT NULL AUTO_INCREMENT,
  `idTipoRepuesto` INT NOT NULL,
  `subTipo` VARCHAR(50) NOT NULL,
  PRIMARY KEY (`id`),
  INDEX `fk_SGU_subTipoRepuesto_SGU_TipoRepuesto1_idx` (`idTipoRepuesto` ASC),
  CONSTRAINT `fk_SGU_subTipoRepuesto_SGU_TipoRepuesto1`
    FOREIGN KEY (`idTipoRepuesto`)
    REFERENCES `sgu_TipoRepuesto` (`id`)
    ON DELETE CASCADE
    ON UPDATE CASCADE)
ENGINE = InnoDB;


-- -----------------------------------------------------
-- Table `sgu_repuesto`
-- -----------------------------------------------------
DROP TABLE IF EXISTS `sgu_repuesto` ;

CREATE TABLE IF NOT EXISTS `sgu_repuesto` (
  `id` INT NOT NULL AUTO_INCREMENT,
  `repuesto` VARCHAR(200) NOT NULL,
  `descripcion` VARCHAR(45) NULL,
  `idsubTipoRepuesto` INT NOT NULL,
  PRIMARY KEY (`id`),
  INDEX `fk_SGU_repuesto_SGU_subTipoRepuesto1_idx` (`idsubTipoRepuesto` ASC),
  UNIQUE INDEX `unicoSGU_repuesto` (`repuesto` ASC),
  CONSTRAINT `fk_SGU_repuesto_SGU_subTipoRepuesto1`
    FOREIGN KEY (`idsubTipoRepuesto`)
    REFERENCES `sgu_subTipoRepuesto` (`id`)
    ON DELETE CASCADE
    ON UPDATE CASCADE)
ENGINE = InnoDB;


-- -----------------------------------------------------
-- Table `sgu_proveedor`
-- -----------------------------------------------------
DROP TABLE IF EXISTS `sgu_proveedor` ;

CREATE TABLE IF NOT EXISTS `sgu_proveedor` (
  `id` INT NOT NULL AUTO_INCREMENT,
  `nombre` VARCHAR(100) NOT NULL,
  `rif` VARCHAR(20) NOT NULL,
  `direccion` VARCHAR(150) NOT NULL,
  `telefono` VARCHAR(45) NOT NULL,
  PRIMARY KEY (`id`))
ENGINE = InnoDB;


-- -----------------------------------------------------
-- Table `sgu_estado`
-- -----------------------------------------------------
DROP TABLE IF EXISTS `sgu_estado` ;

CREATE TABLE IF NOT EXISTS `sgu_estado` (
  `id` INT NOT NULL AUTO_INCREMENT,
  `estado` VARCHAR(45) NOT NULL,
  `descripcion` VARCHAR(45) NOT NULL,
  PRIMARY KEY (`id`))
ENGINE = InnoDB;


-- -----------------------------------------------------
-- Table `sgu_parametro`
-- -----------------------------------------------------
DROP TABLE IF EXISTS `sgu_parametro` ;

CREATE TABLE IF NOT EXISTS `sgu_parametro` (
  `id` INT NOT NULL AUTO_INCREMENT,
  `nombre` VARCHAR(45) NOT NULL,
  `valor` VARCHAR(45) NOT NULL,
  `descripcion` VARCHAR(45) NOT NULL,
  `fecha` DATE NOT NULL,
  PRIMARY KEY (`id`))
ENGINE = InnoDB;


-- -----------------------------------------------------
-- Table `sgu_Sinonimo`
-- -----------------------------------------------------
DROP TABLE IF EXISTS `sgu_Sinonimo` ;

CREATE TABLE IF NOT EXISTS `sgu_Sinonimo` (
  `id` INT NOT NULL AUTO_INCREMENT,
  `sinonimo` VARCHAR(45) NOT NULL,
  `idrepuesto1` INT NOT NULL,
  `idrepuesto2` INT NULL,
  PRIMARY KEY (`id`),
  INDEX `fk_SGU_Sinonimo_SGU_repuesto1_idx` (`idrepuesto1` ASC),
  INDEX `fk_SGU_Sinonimo_SGU_repuesto2_idx` (`idrepuesto2` ASC),
  CONSTRAINT `fk_SGU_Sinonimo_SGU_repuesto1`
    FOREIGN KEY (`idrepuesto1`)
    REFERENCES `sgu_repuesto` (`id`)
    ON DELETE CASCADE
    ON UPDATE CASCADE,
  CONSTRAINT `fk_SGU_Sinonimo_SGU_repuesto2`
    FOREIGN KEY (`idrepuesto2`)
    REFERENCES `sgu_repuesto` (`id`)
    ON DELETE NO ACTION
    ON UPDATE NO ACTION)
ENGINE = InnoDB;


-- -----------------------------------------------------
-- Table `sgu_CaracteristicaVeh`
-- -----------------------------------------------------
DROP TABLE IF EXISTS `sgu_CaracteristicaVeh` ;

CREATE TABLE IF NOT EXISTS `sgu_CaracteristicaVeh` (
  `id` INT NOT NULL AUTO_INCREMENT,
  `cantidad` INT NOT NULL DEFAULT 1,
  `idvehiculo` INT NOT NULL,
  `idrepuesto` INT NOT NULL,
  PRIMARY KEY (`id`),
  INDEX `fk_SGU_CaracteristicaVeh_SGU_vehiculo1_idx` (`idvehiculo` ASC),
  INDEX `fk_SGU_CaracteristicaVeh_SGU_repuesto1_idx` (`idrepuesto` ASC),
  CONSTRAINT `fk_SGU_CaracteristicaVeh_SGU_vehiculo1`
    FOREIGN KEY (`idvehiculo`)
    REFERENCES `sgu_vehiculo` (`id`)
    ON DELETE CASCADE
    ON UPDATE CASCADE,
  CONSTRAINT `fk_SGU_CaracteristicaVeh_SGU_repuesto1`
    FOREIGN KEY (`idrepuesto`)
    REFERENCES `sgu_repuesto` (`id`)
    ON DELETE CASCADE
    ON UPDATE CASCADE)
ENGINE = InnoDB;


-- -----------------------------------------------------
-- Table `sgu_historicoEdos`
-- -----------------------------------------------------
DROP TABLE IF EXISTS `sgu_historicoEdos` ;

CREATE TABLE IF NOT EXISTS `sgu_historicoEdos` (
  `id` INT NOT NULL AUTO_INCREMENT,
  `idestado` INT NOT NULL,
  `idvehiculo` INT NOT NULL,
  `fechaini` DATE NOT NULL,
  `fechafin` DATE NULL,
  `comentario` VARCHAR(200) NULL,
  `fechaRegistro` TIMESTAMP NOT NULL,
  PRIMARY KEY (`id`),
  INDEX `fk_SGU_historicoEdos_SGU_estado1_idx` (`idestado` ASC),
  INDEX `fk_SGU_historicoEdos_SGU_vehiculo1_idx` (`idvehiculo` ASC),
  CONSTRAINT `fk_SGU_historicoEdos_SGU_estado1`
    FOREIGN KEY (`idestado`)
    REFERENCES `sgu_estado` (`id`)
    ON DELETE CASCADE
    ON UPDATE CASCADE,
  CONSTRAINT `fk_SGU_historicoEdos_SGU_vehiculo1`
    FOREIGN KEY (`idvehiculo`)
    REFERENCES `sgu_vehiculo` (`id`)
    ON DELETE CASCADE
    ON UPDATE CASCADE)
ENGINE = InnoDB;


-- -----------------------------------------------------
-- Table `sgu_marcaCaucho`
-- -----------------------------------------------------
DROP TABLE IF EXISTS `sgu_marcaCaucho` ;

CREATE TABLE IF NOT EXISTS `sgu_marcaCaucho` (
  `id` INT NOT NULL AUTO_INCREMENT,
  `nombre` VARCHAR(50) NOT NULL,
  PRIMARY KEY (`id`))
ENGINE = InnoDB;


-- -----------------------------------------------------
-- Table `sgu_rin`
-- -----------------------------------------------------
DROP TABLE IF EXISTS `sgu_rin` ;

CREATE TABLE IF NOT EXISTS `sgu_rin` (
  `id` INT NOT NULL AUTO_INCREMENT,
  `tamaño` INT NOT NULL,
  PRIMARY KEY (`id`))
ENGINE = InnoDB;


-- -----------------------------------------------------
-- Table `sgu_medidaCaucho`
-- -----------------------------------------------------
DROP TABLE IF EXISTS `sgu_medidaCaucho` ;

CREATE TABLE IF NOT EXISTS `sgu_medidaCaucho` (
  `id` INT NOT NULL AUTO_INCREMENT,
  `medida` VARCHAR(45) NOT NULL,
  PRIMARY KEY (`id`))
ENGINE = InnoDB;


-- -----------------------------------------------------
-- Table `sgu_posicionRueda`
-- -----------------------------------------------------
DROP TABLE IF EXISTS `sgu_posicionRueda` ;

CREATE TABLE IF NOT EXISTS `sgu_posicionRueda` (
  `id` INT NOT NULL AUTO_INCREMENT,
  `posicion` VARCHAR(45) NOT NULL,
  PRIMARY KEY (`id`))
ENGINE = InnoDB;


-- -----------------------------------------------------
-- Table `sgu_rueda`
-- -----------------------------------------------------
DROP TABLE IF EXISTS `sgu_rueda` ;

CREATE TABLE IF NOT EXISTS `sgu_rueda` (
  `id` INT NOT NULL AUTO_INCREMENT,
  `idvehiculo` INT NOT NULL,
  `nrofactura` INT NOT NULL,
  `fechaCambio` DATE NOT NULL,
  `costoUnitario` FLOAT NOT NULL,
  `costoTotal` FLOAT NOT NULL,
  `diasVencimiento` INT NULL,
  `kmVencimiento` INT NULL,
  `idmarcaCaucho` INT NOT NULL,
  `idrin` INT NOT NULL,
  `idmedidaCaucho` INT NOT NULL,
  `idposicionRueda` INT NOT NULL,
  `idproveedor` INT NOT NULL,
  PRIMARY KEY (`id`),
  INDEX `fk_SGU_rueda_SGU_vehiculo1_idx` (`idvehiculo` ASC),
  INDEX `fk_SGU_rueda_SGU_marcaCaucho1_idx` (`idmarcaCaucho` ASC),
  INDEX `fk_SGU_rueda_SGU_rin1_idx` (`idrin` ASC),
  INDEX `fk_SGU_rueda_SGU_medidaCaucho1_idx` (`idmedidaCaucho` ASC),
  INDEX `fk_SGU_rueda_SGU_posicionRueda1_idx` (`idposicionRueda` ASC),
  INDEX `fk_SGU_rueda_SGU_proveedor1_idx` (`idproveedor` ASC),
  CONSTRAINT `fk_SGU_rueda_SGU_vehiculo1`
    FOREIGN KEY (`idvehiculo`)
    REFERENCES `sgu_vehiculo` (`id`)
    ON DELETE CASCADE
    ON UPDATE CASCADE,
  CONSTRAINT `fk_SGU_rueda_SGU_marcaCaucho1`
    FOREIGN KEY (`idmarcaCaucho`)
    REFERENCES `sgu_marcaCaucho` (`id`)
    ON DELETE CASCADE
    ON UPDATE CASCADE,
  CONSTRAINT `fk_SGU_rueda_SGU_rin1`
    FOREIGN KEY (`idrin`)
    REFERENCES `sgu_rin` (`id`)
    ON DELETE CASCADE
    ON UPDATE CASCADE,
  CONSTRAINT `fk_SGU_rueda_SGU_medidaCaucho1`
    FOREIGN KEY (`idmedidaCaucho`)
    REFERENCES `sgu_medidaCaucho` (`id`)
    ON DELETE CASCADE
    ON UPDATE CASCADE,
  CONSTRAINT `fk_SGU_rueda_SGU_posicionRueda1`
    FOREIGN KEY (`idposicionRueda`)
    REFERENCES `sgu_posicionRueda` (`id`)
    ON DELETE CASCADE
    ON UPDATE CASCADE,
  CONSTRAINT `fk_SGU_rueda_SGU_proveedor1`
    FOREIGN KEY (`idproveedor`)
    REFERENCES `sgu_proveedor` (`id`)
    ON DELETE CASCADE
    ON UPDATE CASCADE)
ENGINE = InnoDB;


-- -----------------------------------------------------
-- Table `sgu_departamento`
-- -----------------------------------------------------
DROP TABLE IF EXISTS `sgu_departamento` ;

CREATE TABLE IF NOT EXISTS `sgu_departamento` (
  `id` INT NOT NULL AUTO_INCREMENT,
  `nombre` VARCHAR(45) NOT NULL,
  PRIMARY KEY (`id`))
ENGINE = InnoDB;


-- -----------------------------------------------------
-- Table `sgu_CaracteristicaVehGrupo`
-- -----------------------------------------------------
DROP TABLE IF EXISTS `sgu_CaracteristicaVehGrupo` ;

CREATE TABLE IF NOT EXISTS `sgu_CaracteristicaVehGrupo` (
  `id` INT NOT NULL AUTO_INCREMENT,
  `cantidad` INT NOT NULL DEFAULT 1,
  `idgrupo` INT NOT NULL,
  `idrepuesto` INT NOT NULL,
  PRIMARY KEY (`id`),
  INDEX `fk_SGU_CaracteristicaVehGrupo_SGU_grupo1_idx` (`idgrupo` ASC),
  INDEX `fk_SGU_CaracteristicaVehGrupo_SGU_repuesto1_idx` (`idrepuesto` ASC),
  UNIQUE INDEX `unicoSGU_CaracteristicaVehGrupo` (`idgrupo` ASC, `idrepuesto` ASC),
  CONSTRAINT `fk_SGU_CaracteristicaVehGrupo_SGU_grupo1`
    FOREIGN KEY (`idgrupo`)
    REFERENCES `sgu_grupo` (`id`)
    ON DELETE CASCADE
    ON UPDATE CASCADE,
  CONSTRAINT `fk_SGU_CaracteristicaVehGrupo_SGU_repuesto1`
    FOREIGN KEY (`idrepuesto`)
    REFERENCES `sgu_repuesto` (`id`)
    ON DELETE CASCADE
    ON UPDATE CASCADE)
ENGINE = InnoDB;


-- -----------------------------------------------------
-- Table `sgu_informacion`
-- -----------------------------------------------------
DROP TABLE IF EXISTS `sgu_informacion` ;

CREATE TABLE IF NOT EXISTS `sgu_informacion` (
  `id` INT NOT NULL AUTO_INCREMENT,
  `informacion` VARCHAR(60) NOT NULL,
  `descripcion` VARCHAR(80) NULL,
  `idvehiculo` INT NOT NULL,
  PRIMARY KEY (`id`),
  INDEX `fk_sgu_informacion_sgu_vehiculo1_idx` (`idvehiculo` ASC),
  CONSTRAINT `fk_sgu_informacion_sgu_vehiculo1`
    FOREIGN KEY (`idvehiculo`)
    REFERENCES `sgu_vehiculo` (`id`)
    ON DELETE CASCADE
    ON UPDATE CASCADE)
ENGINE = InnoDB;


-- -----------------------------------------------------
-- Table `sgu_Cantidad`
-- -----------------------------------------------------
DROP TABLE IF EXISTS `sgu_Cantidad` ;

CREATE TABLE IF NOT EXISTS `sgu_Cantidad` (
  `id` INT NOT NULL AUTO_INCREMENT,
  `codigoPiezaEnUso` VARCHAR(100) NULL,
  `detallePieza` VARCHAR(100) NULL,
  `fechaIncorporacion` DATE NULL,
  `idCaracteristicaVeh` INT NOT NULL,
  PRIMARY KEY (`id`),
  INDEX `fk_SGU_Cantidad_SGU_CaracteristicaVeh1_idx` (`idCaracteristicaVeh` ASC),
  CONSTRAINT `fk_SGU_Cantidad_SGU_CaracteristicaVeh1`
    FOREIGN KEY (`idCaracteristicaVeh`)
    REFERENCES `sgu_CaracteristicaVeh` (`id`)
    ON DELETE CASCADE
    ON UPDATE CASCADE)
ENGINE = InnoDB;


-- -----------------------------------------------------
-- Table `sgu_CantidadGrupo`
-- -----------------------------------------------------
DROP TABLE IF EXISTS `sgu_CantidadGrupo` ;

CREATE TABLE IF NOT EXISTS `sgu_CantidadGrupo` (
  `id` INT NOT NULL AUTO_INCREMENT,
  `detallePieza` VARCHAR(100) NULL,
  `idCaracteristicaVehGrupo` INT NOT NULL,
  PRIMARY KEY (`id`),
  INDEX `fk_SGU_CantidadGrupo_SGU_CaracteristicaVehGrupo1_idx` (`idCaracteristicaVehGrupo` ASC),
  CONSTRAINT `fk_SGU_CantidadGrupo_SGU_CaracteristicaVehGrupo1`
    FOREIGN KEY (`idCaracteristicaVehGrupo`)
    REFERENCES `sgu_CaracteristicaVehGrupo` (`id`)
    ON DELETE CASCADE
    ON UPDATE CASCADE)
ENGINE = InnoDB;


-- -----------------------------------------------------
-- Table `sgu_infGrupo`
-- -----------------------------------------------------
DROP TABLE IF EXISTS `sgu_infGrupo` ;

CREATE TABLE IF NOT EXISTS `sgu_infGrupo` (
  `id` INT NOT NULL AUTO_INCREMENT,
  `informacion` VARCHAR(60) NOT NULL,
  `idgrupo` INT NOT NULL,
  PRIMARY KEY (`id`),
  INDEX `fk_sgu_infGrupo_sgu_grupo1_idx` (`idgrupo` ASC),
  UNIQUE INDEX `informacion_UNIQUE` (`informacion` ASC),
  CONSTRAINT `fk_sgu_infGrupo_sgu_grupo1`
    FOREIGN KEY (`idgrupo`)
    REFERENCES `sgu_grupo` (`id`)
    ON DELETE NO ACTION
    ON UPDATE NO ACTION)
ENGINE = InnoDB;


SET SQL_MODE=@OLD_SQL_MODE;
SET FOREIGN_KEY_CHECKS=@OLD_FOREIGN_KEY_CHECKS;
SET UNIQUE_CHECKS=@OLD_UNIQUE_CHECKS;

-- -----------------------------------------------------
-- Data for table `sgu_marca`
-- -----------------------------------------------------
START TRANSACTION;
INSERT INTO `sgu_marca` (`id`, `marca`) VALUES (1, 'Chevrolet');
INSERT INTO `sgu_marca` (`id`, `marca`) VALUES (2, 'Kawasaki');
INSERT INTO `sgu_marca` (`id`, `marca`) VALUES (3, 'Airbus');

COMMIT;


-- -----------------------------------------------------
-- Data for table `sgu_modelo`
-- -----------------------------------------------------
START TRANSACTION;
INSERT INTO `sgu_modelo` (`id`, `modelo`, `idmarca`) VALUES (1, 'Aveo', 1);
INSERT INTO `sgu_modelo` (`id`, `modelo`, `idmarca`) VALUES (2, 'KLR', 2);
INSERT INTO `sgu_modelo` (`id`, `modelo`, `idmarca`) VALUES (3, 'A320', 3);

COMMIT;


-- -----------------------------------------------------
-- Data for table `sgu_tipo`
-- -----------------------------------------------------
START TRANSACTION;
INSERT INTO `sgu_tipo` (`id`, `tipo`) VALUES (1, 'Autobus');
INSERT INTO `sgu_tipo` (`id`, `tipo`) VALUES (2, 'Moto');
INSERT INTO `sgu_tipo` (`id`, `tipo`) VALUES (3, 'Automovil');

COMMIT;


-- -----------------------------------------------------
-- Data for table `sgu_grupo`
-- -----------------------------------------------------
START TRANSACTION;
INSERT INTO `sgu_grupo` (`id`, `grupo`, `descripcion`, `idtipo`) VALUES (1, 'Aveo 2012 A/AC', 'compuesto por autos aveos ', 3);
INSERT INTO `sgu_grupo` (`id`, `grupo`, `descripcion`, `idtipo`) VALUES (2, 'KLR 2014 650cc', 'compuesto por motos klr ', 2);
INSERT INTO `sgu_grupo` (`id`, `grupo`, `descripcion`, `idtipo`) VALUES (3, 'Encava E912 2001', 'compuesto por encavas 2001', 1);

COMMIT;


-- -----------------------------------------------------
-- Data for table `sgu_combustible`
-- -----------------------------------------------------
START TRANSACTION;
INSERT INTO `sgu_combustible` (`id`, `combustible`) VALUES (1, 'Diesel');
INSERT INTO `sgu_combustible` (`id`, `combustible`) VALUES (2, 'Gasolina 91');
INSERT INTO `sgu_combustible` (`id`, `combustible`) VALUES (3, 'Gasolina 95');
INSERT INTO `sgu_combustible` (`id`, `combustible`) VALUES (4, 'Gasolina 100');

COMMIT;


-- -----------------------------------------------------
-- Data for table `sgu_color`
-- -----------------------------------------------------
START TRANSACTION;
INSERT INTO `sgu_color` (`id`, `color`) VALUES (1, 'Amarillo');
INSERT INTO `sgu_color` (`id`, `color`) VALUES (2, 'Azul');
INSERT INTO `sgu_color` (`id`, `color`) VALUES (3, 'Blanco');
INSERT INTO `sgu_color` (`id`, `color`) VALUES (4, 'Naranja');
INSERT INTO `sgu_color` (`id`, `color`) VALUES (5, 'Rojo');
INSERT INTO `sgu_color` (`id`, `color`) VALUES (6, 'Verde');
INSERT INTO `sgu_color` (`id`, `color`) VALUES (7, 'Negro');

COMMIT;


-- -----------------------------------------------------
-- Data for table `sgu_propiedad`
-- -----------------------------------------------------
START TRANSACTION;
INSERT INTO `sgu_propiedad` (`id`, `propiedad`) VALUES (1, 'UNET');
INSERT INTO `sgu_propiedad` (`id`, `propiedad`) VALUES (2, 'Decanato de investigación');
INSERT INTO `sgu_propiedad` (`id`, `propiedad`) VALUES (3, 'SIRCA');

COMMIT;


-- -----------------------------------------------------
-- Data for table `sgu_vehiculo`
-- -----------------------------------------------------
START TRANSACTION;
INSERT INTO `sgu_vehiculo` (`id`, `numeroUnidad`, `serialCarroceria`, `serialMotor`, `placa`, `anno`, `nroPuestos`, `nroEjes`, `capCarga`, `comentario`, `cantidadRuedas`, `capTanque`, `idmodelo`, `idgrupo`, `idcombustible`, `idcolor`, `idpropiedad`, `fechaRegistro`) VALUES (1, 1, '6V57932453GV', '634656953', 'PAA24V', 2006, 50, 2, 5000, NULL, 6, 250, 1, 1, 1, 1, 1, NULL);
INSERT INTO `sgu_vehiculo` (`id`, `numeroUnidad`, `serialCarroceria`, `serialMotor`, `placa`, `anno`, `nroPuestos`, `nroEjes`, `capCarga`, `comentario`, `cantidadRuedas`, `capTanque`, `idmodelo`, `idgrupo`, `idcombustible`, `idcolor`, `idpropiedad`, `fechaRegistro`) VALUES (2, 2, 'F54959495', '456789678', 'AB232GS', 2009, 5, 2, 500, NULL, 4, 45, 2, 2, 2, 2, 2, NULL);
INSERT INTO `sgu_vehiculo` (`id`, `numeroUnidad`, `serialCarroceria`, `serialMotor`, `placa`, `anno`, `nroPuestos`, `nroEjes`, `capCarga`, `comentario`, `cantidadRuedas`, `capTanque`, `idmodelo`, `idgrupo`, `idcombustible`, `idcolor`, `idpropiedad`, `fechaRegistro`) VALUES (3, 3, '6FHEF4467', '789234545', 'AF453FT', 2012, 2, 1, 150, NULL, 2, 15, 3, 3, 2, 1, 1, NULL);
INSERT INTO `sgu_vehiculo` (`id`, `numeroUnidad`, `serialCarroceria`, `serialMotor`, `placa`, `anno`, `nroPuestos`, `nroEjes`, `capCarga`, `comentario`, `cantidadRuedas`, `capTanque`, `idmodelo`, `idgrupo`, `idcombustible`, `idcolor`, `idpropiedad`, `fechaRegistro`) VALUES (4, 4, 'HZ1345GFT54', '634238998', 'AB546NJ', 2010, 5, 2, 500, NULL, 4, 50, 3, 3, 2, 3, 3, NULL);

COMMIT;


-- -----------------------------------------------------
-- Data for table `sgu_TipoRepuesto`
-- -----------------------------------------------------
START TRANSACTION;
INSERT INTO `sgu_TipoRepuesto` (`id`, `tipo`) VALUES (1, 'Mecanico');
INSERT INTO `sgu_TipoRepuesto` (`id`, `tipo`) VALUES (2, 'Electrico');
INSERT INTO `sgu_TipoRepuesto` (`id`, `tipo`) VALUES (3, 'Carroceria');
INSERT INTO `sgu_TipoRepuesto` (`id`, `tipo`) VALUES (4, 'Acessorios');
INSERT INTO `sgu_TipoRepuesto` (`id`, `tipo`) VALUES (5, 'Interior');

COMMIT;


-- -----------------------------------------------------
-- Data for table `sgu_subTipoRepuesto`
-- -----------------------------------------------------
START TRANSACTION;
INSERT INTO `sgu_subTipoRepuesto` (`id`, `idTipoRepuesto`, `subTipo`) VALUES (1, 1, 'Motor');
INSERT INTO `sgu_subTipoRepuesto` (`id`, `idTipoRepuesto`, `subTipo`) VALUES (2, 1, 'Frenos');
INSERT INTO `sgu_subTipoRepuesto` (`id`, `idTipoRepuesto`, `subTipo`) VALUES (3, 1, 'Transmision');
INSERT INTO `sgu_subTipoRepuesto` (`id`, `idTipoRepuesto`, `subTipo`) VALUES (4, 2, 'Luces');
INSERT INTO `sgu_subTipoRepuesto` (`id`, `idTipoRepuesto`, `subTipo`) VALUES (5, 2, 'Cables');
INSERT INTO `sgu_subTipoRepuesto` (`id`, `idTipoRepuesto`, `subTipo`) VALUES (6, 2, 'Sensores');
INSERT INTO `sgu_subTipoRepuesto` (`id`, `idTipoRepuesto`, `subTipo`) VALUES (7, 3, 'Guardabarro');

COMMIT;


-- -----------------------------------------------------
-- Data for table `sgu_repuesto`
-- -----------------------------------------------------
START TRANSACTION;
INSERT INTO `sgu_repuesto` (`id`, `repuesto`, `descripcion`, `idsubTipoRepuesto`) VALUES (1, 'Piston', NULL, 1);
INSERT INTO `sgu_repuesto` (`id`, `repuesto`, `descripcion`, `idsubTipoRepuesto`) VALUES (2, 'Biela', NULL, 1);
INSERT INTO `sgu_repuesto` (`id`, `repuesto`, `descripcion`, `idsubTipoRepuesto`) VALUES (3, 'Bomba de freno', NULL, 2);
INSERT INTO `sgu_repuesto` (`id`, `repuesto`, `descripcion`, `idsubTipoRepuesto`) VALUES (4, 'Diferencial', NULL, 3);
INSERT INTO `sgu_repuesto` (`id`, `repuesto`, `descripcion`, `idsubTipoRepuesto`) VALUES (5, 'TPS', NULL, 6);
INSERT INTO `sgu_repuesto` (`id`, `repuesto`, `descripcion`, `idsubTipoRepuesto`) VALUES (6, 'MAF', NULL, 6);
INSERT INTO `sgu_repuesto` (`id`, `repuesto`, `descripcion`, `idsubTipoRepuesto`) VALUES (7, 'Valvula IAC', NULL, 6);
INSERT INTO `sgu_repuesto` (`id`, `repuesto`, `descripcion`, `idsubTipoRepuesto`) VALUES (8, 'Computadora', NULL, 6);
INSERT INTO `sgu_repuesto` (`id`, `repuesto`, `descripcion`, `idsubTipoRepuesto`) VALUES (9, 'Radiador', NULL, 3);
INSERT INTO `sgu_repuesto` (`id`, `repuesto`, `descripcion`, `idsubTipoRepuesto`) VALUES (10, 'Kit Clutch', NULL, 3);
INSERT INTO `sgu_repuesto` (`id`, `repuesto`, `descripcion`, `idsubTipoRepuesto`) VALUES (11, 'Caliper', NULL, 3);
INSERT INTO `sgu_repuesto` (`id`, `repuesto`, `descripcion`, `idsubTipoRepuesto`) VALUES (12, 'Disco de freno', NULL, 3);
INSERT INTO `sgu_repuesto` (`id`, `repuesto`, `descripcion`, `idsubTipoRepuesto`) VALUES (13, 'Tambor de frenos', NULL, 3);
INSERT INTO `sgu_repuesto` (`id`, `repuesto`, `descripcion`, `idsubTipoRepuesto`) VALUES (14, 'Batería', NULL, 4);
INSERT INTO `sgu_repuesto` (`id`, `repuesto`, `descripcion`, `idsubTipoRepuesto`) VALUES (15, 'Tripoide', NULL, 3);
INSERT INTO `sgu_repuesto` (`id`, `repuesto`, `descripcion`, `idsubTipoRepuesto`) VALUES (16, 'Cable de bujía', NULL, 4);
INSERT INTO `sgu_repuesto` (`id`, `repuesto`, `descripcion`, `idsubTipoRepuesto`) VALUES (17, 'Bujía', NULL, 3);
INSERT INTO `sgu_repuesto` (`id`, `repuesto`, `descripcion`, `idsubTipoRepuesto`) VALUES (18, 'Carburador', NULL, 3);
INSERT INTO `sgu_repuesto` (`id`, `repuesto`, `descripcion`, `idsubTipoRepuesto`) VALUES (19, 'Sensor MAP', NULL, 4);
INSERT INTO `sgu_repuesto` (`id`, `repuesto`, `descripcion`, `idsubTipoRepuesto`) VALUES (20, 'Compresor A/C', NULL, 3);

COMMIT;

